49;Ванкувер;Британская Колумбия;Канада;-8;America/Vancouver
1495;Сиэтл;Вашингтон;США;-8;America/Los_Angeles
179;Лос-Анджелес;Калифорния;США;-8;America/Los_Angeles
249;Пало-Альто;Калифорния;США;-8;America/Los_Angeles
284;Сан-Диего;Калифорния;США;-8;America/Los_Angeles
1458;Денвер;Колорадо;США;-7;America/Denver
657;Вилинг;Иллинойс;США;-6;America/Chicago
655;Гленвью;Иллинойс;США;-6;America/Chicago
1599;Урбана;Иллинойс;США;-6;America/Chicago
383;Чикаго;Иллинойс;США;-6;America/Chicago
656;Эванстон;Иллинойс;США;-6;America/Chicago
368;Хьюстон;Техас;США;-6;America/Chicago
52;Ватерлу;Онтарио;Канада;-5;America/Toronto
200;Монреаль;Квебек;Канада;-5;America/Montreal
245;Оттава;Онтарио;Канада;-5;America/Toronto
335;Торонто;Онтарио;Канада;-5;America/Toronto
1494;Вест-Лафайетт;Индиана;США;-5;America/Indiana/Indianapolis
41;Бостон;Массачусетс;США;-5;America/New_York
596;Вест-Роксбери;Массачусетс;США;-5;America/New_York
416;Кембридж;Массачусетс;США;-5;America/New_York
1499;Уолтэм;Массачусетс;США;-5;America/New_York
196;Миннеаполис;Миннесота;США;-5;America/Chicago
296;Сент-Луис;Миссури;США;-5;America/Chicago
1662;Шугарлоаф;Мэн;США;-5;America/New_York
450;Принстон;Нью-Джерси;США;-5;America/New_York
1546;Баффало;Нью-Йорк;США;-5;America/New_York
1655;Буффало;Нью-Йорк;США;-5;America/New_York
123;Итака;Нью-Йорк;США;-5;America/New_York
233;Нью-Йорк;Нью-Йорк;США;-5;America/New_York
53;Вашингтон;округ Колумбия;США;-5;America/New_York
355;Филадельфия;Пенсильвания;США;-5;America/New_York
264;Провиденс;Род-Айленд;США;-5;America/New_York
1540;Майами;Флорида;США;-5;America/New_York
178;Лондон;;Великобритания;0;Europe/London
1638;Ашаффенбург;Бавария;Германия;1;Europe/Berlin
1663;Бад-Киссинген;Бавария;Германия;1;Europe/Berlin
47;Бургхаузен;Бавария;Германия;1;Europe/Berlin
1516;Вюрцбург;Бавария;Германия;1;Europe/Berlin
205;Мюнхен;Бавария;Германия;1;Europe/Berlin
234;Нюрнберг;Бавария;Германия;1;Europe/Berlin
1649;Фюссен;Бавария;Германия;1;Europe/Berlin
1647;Хоббах;Бавария;Германия;1;Europe/Berlin
1530;Висбаден;Баден-Вюртемберг;Германия;1;Europe/Berlin
132;Карлсруэ;Баден-Вюртемберг;Германия;1;Europe/Berlin
1507;Ульм;Баден-Вюртемберг;Германия;1;Europe/Berlin
1508;Хайльбронн;Баден-Вюртемберг;Германия;1;Europe/Berlin
389;Штутгарт;Баден-Вюртемберг;Германия;1;Europe/Berlin
31;Берлин;Берлин;Германия;1;Europe/Berlin
1548;Дармштадт;Гессен;Германия;1;Europe/Berlin
1657;Карлсхайм;Гессен;Германия;1;Europe/Berlin
1656;Лаутербах;Гессен;Германия;1;Europe/Berlin
1641;Лимбург;Гессен;Германия;1;Europe/Berlin
357;Франкфурт-на-Майне;Гессен;Германия;1;Europe/Berlin
1648;Эрбах;Гессен;Германия;1;Europe/Berlin
71;Ганновер;Нижняя Саксония;Германия;1;Europe/Berlin
73;Гёттинген;Нижняя Саксония;Германия;1;Europe/Berlin
149;Кобленц;Рейнланд-Пфальц;Германия;1;Europe/Berlin
1486;Трир;Рейнланд-Пфальц;Германия;1;Europe/Berlin
365;Хемниц;Саксония;Германия;1;Europe/Berlin
360;Халле;Саксония-Анхальт;Германия;1;Europe/Berlin
1519;Аахен;Северный Рейн - Вестфалия;Германия;1;Europe/Berlin
36;Бонн;Северный Рейн - Вестфалия;Германия;1;Europe/Berlin
42;Бохум;Северный Рейн - Вестфалия;Германия;1;Europe/Berlin
1523;Вупперталь;Северный Рейн - Вестфалия;Германия;1;Europe/Berlin
94;Дортмунд;Северный Рейн - Вестфалия;Германия;1;Europe/Berlin
96;Дюссельдорф;Северный Рейн - Вестфалия;Германия;1;Europe/Berlin
136;Кёльн;Северный Рейн - Вестфалия;Германия;1;Europe/Berlin
194;Мёнхенгладбах;Северный Рейн - Вестфалия;Германия;1;Europe/Berlin
1628;Реклинсгаузен;Северный Рейн - Вестфалия;Германия;1;Europe/Berlin
1605;Эссен;Северный Рейн - Вестфалия;Германия;1;Europe/Berlin
475;Форли;;Италия;1;Europe/Rome
1525;Лейден;;Нидерланды;1;Europe/Amsterdam
427;Роттердам;;Нидерланды;1;Europe/Amsterdam
263;Прага;;Чехия;1;Europe/Prague
44;Брест;Брестская область;Беларусь;2;Europe/Minsk
150;Кобрин;Брестская область;Беларусь;2;Europe/Minsk
257;Пинск;Брестская область;Беларусь;2;Europe/Minsk
18;Бабиничи;Витебская область;Беларусь;2;Europe/Minsk
59;Витебск;Витебская область;Беларусь;2;Europe/Minsk
1534;Лужесно;Витебская область;Беларусь;2;Europe/Minsk
222;Новополоцк;Витебская область;Беларусь;2;Europe/Minsk
1623;Орша;Витебская область;Беларусь;2;Europe/Minsk
1487;Полоцк;Витебская область;Беларусь;2;Europe/Minsk
1526;Ветка;Гомельская область;Беларусь;2;Europe/Minsk
74;Гомель;Гомельская область;Беларусь;2;Europe/Minsk
1615;Жлобин;Гомельская область;Беларусь;2;Europe/Minsk
177;Лоев;Гомельская область;Беларусь;2;Europe/Minsk
199;Мозырь;Гомельская область;Беларусь;2;Europe/Minsk
447;Рогачёв;Гомельская область;Беларусь;2;Europe/Minsk
65;Волковыск;Гродненская область;Беларусь;2;Europe/Minsk
79;Гродно;Гродненская область;Беларусь;2;Europe/Minsk
175;Лида;Гродненская область;Беларусь;2;Europe/Minsk
1459;Ошмяны;Гродненская область;Беларусь;2;Europe/Minsk
1545;Щучин;Гродненская область;Беларусь;2;Europe/Minsk
197;Минск;Минск;Беларусь;2;Europe/Minsk
1451;Борисов;Минская область;Беларусь;2;Europe/Minsk
410;Дзержинск (Б);Минская область;Беларусь;2;Europe/Minsk
184;Любань;Минская область;Беларусь;2;Europe/Minsk
1544;Молодечно;Минская область;Беларусь;2;Europe/Minsk
303;Солигорск;Минская область;Беларусь;2;Europe/Minsk
1596;Столбцы;Минская область;Беларусь;2;Europe/Minsk
1631;Узда;Минская область;Беларусь;2;Europe/Minsk
375;Червень;Минская область;Беларусь;2;Europe/Minsk
1473;Бобруйск;Могилёвская область;Беларусь;2;Europe/Minsk
1559;Быхов;Могилёвская область;Беларусь;2;Europe/Minsk
408;Горки;Могилёвская область;Беларусь;2;Europe/Minsk
145;Кировск (Б);Могилёвская область;Беларусь;2;Europe/Minsk
1569;Климовичи;Могилёвская область;Беларусь;2;Europe/Minsk
1574;Костюковичи;Могилёвская область;Беларусь;2;Europe/Minsk
1537;Костюковичи;Могилёвская область;Беларусь;2;Europe/Minsk
167;Кричев;Могилёвская область;Беларусь;2;Europe/Minsk
198;Могилёв;Могилёвская область;Беларусь;2;Europe/Minsk
1527;Осиповичи;Могилёвская область;Беларусь;2;Europe/Minsk
50;Варна;;Болгария;2;Europe/Sofia
258;Пловдив;;Болгария;2;Europe/Sofia
305;София;;Болгария;2;Europe/Sofia
1498;Бат-Ям;округ Гуш-Дан;Израиль;2;Asia/Jerusalem
1514;Бней-Аиш;округ Гуш-Дан;Израиль;2;Asia/Jerusalem
592;Герцлия;округ Гуш-Дан;Израиль;2;Asia/Jerusalem
593;Гиват-Шмуэль;округ Гуш-Дан;Израиль;2;Asia/Jerusalem
1586;Петах-Тиква;округ Гуш-Дан;Израиль;2;Asia/Jerusalem
591;Рамат-Ган;округ Гуш-Дан;Израиль;2;Asia/Jerusalem
275;Ришон Ле-Цион;округ Гуш-Дан;Израиль;2;Asia/Jerusalem
326;Тель-Авив;округ Гуш-Дан;Израиль;2;Asia/Jerusalem
462;Ариэль;округ Иерусалим;Израиль;2;Asia/Jerusalem
118;Иерусалим;округ Иерусалим;Израиль;2;Asia/Jerusalem
1517;Нешер;округ Хайфа;Израиль;2;Asia/Jerusalem
359;Хайфа;округ Хайфа;Израиль;2;Asia/Jerusalem
269;Рамалла;Палестинская автономия;Израиль;2;Asia/Jerusalem
1522;Афула;Северный округ;Израиль;2;Asia/Jerusalem
1616;Йокнеам;Северный округ;Израиль;2;Asia/Jerusalem
134;Кармиэль;Северный округ;Израиль;2;Asia/Jerusalem
1644;Кейсария;Северный округ;Израиль;2;Asia/Jerusalem
1602;Цфат;Северный округ;Израиль;2;Asia/Jerusalem
1650;Модиин;Центральный округ;Израиль;2;Asia/Jerusalem
213;Нетания;Центральный округ;Израиль;2;Asia/Jerusalem
272;Реховот;Центральный округ;Израиль;2;Asia/Jerusalem
1633;Явне;Центральный округ;Израиль;2;Asia/Jerusalem
16;Ашдод;Южный округ;Израиль;2;Asia/Jerusalem
1515;Ашкелон;Южный округ;Израиль;2;Asia/Jerusalem
25;Бейт-Шемеш;Южный округ;Израиль;2;Asia/Jerusalem
24;Беэр-Шева;Южный округ;Израиль;2;Asia/Jerusalem
1520;Кирьят-Гат;Южный округ;Израиль;2;Asia/Jerusalem
392;Эйлат;Южный округ;Израиль;2;Asia/Jerusalem
1472;Балви;;Латвия;2;Europe/Riga
83;Даугавпилс;;Латвия;2;Europe/Riga
173;Лауцесе;;Латвия;2;Europe/Riga
271;Резекне;;Латвия;2;Europe/Riga
274;Рига;;Латвия;2;Europe/Riga
1646;Саулкрасти;;Латвия;2;Europe/Riga
1637;Сигулда;;Латвия;2;Europe/Riga
1643;Юрмала;;Латвия;2;Europe/Riga
598;Вильнюс;;Литва;2;Europe/Vilnius
58;Висагинас;;Литва;2;Europe/Vilnius
474;Клайпеда;;Литва;2;Europe/Vilnius
1608;Бельцы;;Молдова;2;Europe/Chisinau
147;Кишинёв;;Молдова;2;Europe/Chisinau
280;Рыбница;;Молдова;2;Europe/Chisinau
330;Тирасполь;;Молдова;2;Europe/Chisinau
128;Калининград;Калининградская область;Россия;2;Europe/Kaliningrad
1463;Пионерский;Калининградская область;Россия;2;Europe/Kaliningrad
291;Светлогорск;Калининградская область;Россия;2;Europe/Kaliningrad
473;Светлый;Калининградская область;Россия;2;Europe/Kaliningrad
57;Винница;Винницкая область;Украина;2;Europe/Kiev
103;Жмеринка;Винницкая область;Украина;2;Europe/Kiev
182;Луцк;Волынская область;Украина;2;Europe/Kiev
89;Днепродзержинск;Днепропетровская область;Украина;2;Europe/Kiev
90;Днепропетровск;Днепропетровская область;Украина;2;Europe/Kiev
112;Зеленодольск;Днепропетровская область;Украина;2;Europe/Kiev
166;Кривой Рог;Днепропетровская область;Украина;2;Europe/Kiev
247;Павлоград;Днепропетровская область;Украина;2;Europe/Kiev
1606;Авдеевка;Донецкая область;Украина;2;Europe/Kiev
10;Артёмовск;Донецкая область;Украина;2;Europe/Kiev
76;Горловка;Донецкая область;Украина;2;Europe/Kiev
93;Донецк;Донецкая область;Украина;2;Europe/Kiev
1613;Дружковка;Донецкая область;Украина;2;Europe/Kiev
1572;Константиновка;Донецкая область;Украина;2;Europe/Kiev
160;Краматорск;Донецкая область;Украина;2;Europe/Kiev
1576;Красноармейск;Донецкая область;Украина;2;Europe/Kiev
1579;Красный Лиман;Донецкая область;Украина;2;Europe/Kiev
189;Макеевка;Донецкая область;Украина;2;Europe/Kiev
192;Мариуполь;Донецкая область;Украина;2;Europe/Kiev
362;Харцызск;Донецкая область;Украина;2;Europe/Kiev
102;Житомир;Житомирская область;Украина;2;Europe/Kiev
1529;Новоград-Волынский;Житомирская область;Украина;2;Europe/Kiev
343;Ужгород;Закарпатская область;Украина;2;Europe/Uzhgorod
386;Чоп;Закарпатская область;Украина;2;Europe/Uzhgorod
29;Бердянск;Запорожская область;Украина;2;Europe/Zaporozhye
106;Запорожье;Запорожская область;Украина;2;Europe/Zaporozhye
115;Ивано-Франковск;Ивано-Франковская область;Украина;2;Europe/Kiev
1654;Коломыя;Ивано-Франковская область;Украина;2;Europe/Kiev
1598;Тлумач;Ивано-Франковская область;Украина;2;Europe/Kiev
139;Киев;Киев;Украина;2;Europe/Kiev
45;Бровары;Киевская область;Украина;2;Europe/Kiev
1533;Александрия;Кировоградская область;Украина;2;Europe/Kiev
143;Кировоград;Кировоградская область;Украина;2;Europe/Kiev
190;Малая Виска;Кировоградская область;Украина;2;Europe/Kiev
227;Новоукраинка;Кировоградская область;Украина;2;Europe/Kiev
290;Светловодск;Кировоградская область;Украина;2;Europe/Kiev
1547;Алушта;Крым;Украина;2;Europe/Simferopol
1528;Бахчисарай;Крым;Украина;2;Europe/Simferopol
1614;Евпатория;Крым;Украина;2;Europe/Simferopol
138;Керчь;Крым;Украина;2;Europe/Simferopol
292;Севастополь;Крым;Украина;2;Europe/Simferopol
1593;Симеиз;Крым;Украина;2;Europe/Simferopol
298;Симферополь;Крым;Украина;2;Europe/Simferopol
1597;Танковое;Крым;Украина;2;Europe/Simferopol
432;Ялта;Крым;Украина;2;Europe/Simferopol
3;Алчевск;Луганская область;Украина;2;Europe/Kiev
1542;Антрацит;Луганская область;Украина;2;Europe/Kiev
181;Луганск;Луганская область;Украина;2;Europe/Kiev
1587;Попасная;Луганская область;Украина;2;Europe/Kiev
1629;Свердловск;Луганская область;Украина;2;Europe/Kiev
1595;Стаханов;Луганская область;Украина;2;Europe/Kiev
183;Львов;Львовская область;Украина;2;Europe/Kiev
1653;Сокаль;Львовская область;Украина;2;Europe/Kiev
218;Николаев;Николаевская область;Украина;2;Europe/Kiev
236;Одесса;Одесская область;Украина;2;Europe/Kiev
1611;Гадяч;Полтавская область;Украина;2;Europe/Kiev
1536;Глобино;Полтавская область;Украина;2;Europe/Kiev
1563;Диканька;Полтавская область;Украина;2;Europe/Kiev
1570;Козельщина;Полтавская область;Украина;2;Europe/Kiev
1571;Комсомольск;Полтавская область;Украина;2;Europe/Kiev
165;Кременчуг;Полтавская область;Украина;2;Europe/Kiev
1584;Лохвица;Полтавская область;Украина;2;Europe/Kiev
421;Лубны;Полтавская область;Украина;2;Europe/Kiev
1531;Новые Санжары;Полтавская область;Украина;2;Europe/Kiev
1625;Оржица;Полтавская область;Украина;2;Europe/Kiev
260;Полтава;Полтавская область;Украина;2;Europe/Kiev
1521;Решетиловка;Полтавская область;Украина;2;Europe/Kiev
1603;Хорол;Полтавская область;Украина;2;Europe/Kiev
1604;Шишаки;Полтавская область;Украина;2;Europe/Kiev
276;Ровно;Ровенская область;Украина;2;Europe/Kiev
248;Палиевка;Сумская область;Украина;2;Europe/Kiev
310;Сумы;Сумская область;Украина;2;Europe/Kiev
328;Тернополь;Тернопольская область;Украина;2;Europe/Kiev
1553;Барвенково;Харьковская область;Украина;2;Europe/Kiev
1640;Занки;Харьковская область;Украина;2;Europe/Kiev
1589;Санжары;Харьковская область;Украина;2;Europe/Kiev
363;Харьков;Харьковская область;Украина;2;Europe/Kiev
72;Геническ;Херсонская область;Украина;2;Europe/Kiev
366;Херсон;Херсонская область;Украина;2;Europe/Kiev
367;Хмельницкий;Хмельницкая область;Украина;2;Europe/Kiev
377;Черкассы;Черкасская область;Украина;2;Europe/Kiev
212;Нежин;Черниговская область;Украина;2;Europe/Kiev
1630;Семёновка;Черниговская область;Украина;2;Europe/Kiev
379;Чернигов;Черниговская область;Украина;2;Europe/Kiev
380;Черновцы;Черновицкая область;Украина;2;Europe/Kiev
1501;Сало;;Финляндия;2;Europe/Helsinki
364;Хельсинки;;Финляндия;2;Europe/Helsinki
1465;Эспоо;;Финляндия;2;Europe/Helsinki
417;Кивиыли;;Эстония;2;Europe/Tallinn
423;Маарду;;Эстония;2;Europe/Tallinn
210;Нарва;;Эстония;2;Europe/Tallinn
318;Таллин;;Эстония;2;Europe/Tallinn
320;Тарту;;Эстония;2;Europe/Tallinn
1642;Сухум;;Абхазия;3;Europe/Moscow
188;Майкоп;Адыгея;Россия;3;Europe/Moscow
11;Архангельск;Архангельская область;Россия;3;Europe/Moscow
1636;Нарьян-Мар;Архангельская область;Россия;3;Europe/Moscow
293;Северодвинск;Архангельская область;Россия;3;Europe/Moscow
12;Астрахань;Астраханская область;Россия;3;Europe/Volgograd
1578;Красные Баррикады;Астраханская область;Россия;3;Europe/Volgograd
26;Белгород;Белгородская область;Россия;3;Europe/Moscow
46;Брянск;Брянская область;Россия;3;Europe/Moscow
1541;Александров;Владимирская область;Россия;3;Europe/Moscow
62;Владимир;Владимирская область;Россия;3;Europe/Moscow
409;Гусь-Хрустальный;Владимирская область;Россия;3;Europe/Moscow
151;Ковров;Владимирская область;Россия;3;Europe/Moscow
156;Кольчугино;Владимирская область;Россия;3;Europe/Moscow
1518;Красная Горбатка;Владимирская область;Россия;3;Europe/Moscow
203;Муром;Владимирская область;Россия;3;Europe/Moscow
267;Радужный;Владимирская область;Россия;3;Europe/Moscow
1645;Суздаль;Владимирская область;Россия;3;Europe/Moscow
1482;Юрьев-Польский;Владимирская область;Россия;3;Europe/Moscow
63;Волгоград;Волгоградская область;Россия;3;Europe/Volgograd
64;Волжский;Волгоградская область;Россия;3;Europe/Volgograd
1488;Бабаево;Вологодская область;Россия;3;Europe/Moscow
400;Вожега;Вологодская область;Россия;3;Europe/Moscow
66;Вологда;Вологодская область;Россия;3;Europe/Moscow
406;Вытегра;Вологодская область;Россия;3;Europe/Moscow
401;Грязовец;Вологодская область;Россия;3;Europe/Moscow
1492;Заря;Вологодская область;Россия;3;Europe/Moscow
126;Кадников;Вологодская область;Россия;3;Europe/Moscow
1491;Молочное;Вологодская область;Россия;3;Europe/Moscow
302;Сокол;Вологодская область;Россия;3;Europe/Moscow
336;Тотьма;Вологодская область;Россия;3;Europe/Moscow
353;Устюжна;Вологодская область;Россия;3;Europe/Moscow
1493;Харовск;Вологодская область;Россия;3;Europe/Moscow
1490;Чагода;Вологодская область;Россия;3;Europe/Moscow
376;Череповец;Вологодская область;Россия;3;Europe/Moscow
1489;Шуйское;Вологодская область;Россия;3;Europe/Moscow
395;Юбилейный;Вологодская область;Россия;3;Europe/Moscow
67;Воронеж;Воронежская область;Россия;3;Europe/Moscow
86;Дербент;Дагестан;Россия;3;Europe/Moscow
1560;Вичуга;Ивановская область;Россия;3;Europe/Moscow
114;Иваново;Ивановская область;Россия;3;Europe/Moscow
1600;Фурманов;Ивановская область;Россия;3;Europe/Moscow
186;Магас;Ингушетия;Россия;3;Europe/Moscow
208;Назрань;Ингушетия;Россия;3;Europe/Moscow
209;Нальчик;Кабардино-Балкария;Россия;3;Europe/Moscow
393;Элиста;Калмыкия;Россия;3;Europe/Moscow
1660;Большие Козлы;Калужская область;Россия;3;Europe/Moscow
129;Калуга;Калужская область;Россия;3;Europe/Moscow
191;Малоярославец;Калужская область;Россия;3;Europe/Moscow
235;Обнинск;Калужская область;Россия;3;Europe/Moscow
321;Таруса;Калужская область;Россия;3;Europe/Moscow
378;Черкесск;Карачаево-Черкесия;Россия;3;Europe/Moscow
254;Петрозаводск;Карелия;Россия;3;Europe/Moscow
142;Киров;Кировская область;Россия;3;Europe/Volgograd
1609;Воркута;Коми;Россия;3;Europe/Moscow
315;Сыктывкар;Коми;Россия;3;Europe/Moscow
159;Кострома;Костромская область;Россия;3;Europe/Moscow
5;Анапа;Краснодарский край;Россия;3;Europe/Moscow
8;Апшеронск;Краснодарский край;Россия;3;Europe/Moscow
9;Армавир;Краснодарский край;Россия;3;Europe/Moscow
51;Васюринская;Краснодарский край;Россия;3;Europe/Moscow
659;Геленджик;Краснодарский край;Россия;3;Europe/Moscow
78;Горячий Ключ;Краснодарский край;Россия;3;Europe/Moscow
87;Динская;Краснодарский край;Россия;3;Europe/Moscow
97;Ейск;Краснодарский край;Россия;3;Europe/Moscow
455;Заводской;Краснодарский край;Россия;3;Europe/Moscow
402;Камышеватская;Краснодарский край;Россия;3;Europe/Moscow
1483;Каневская;Краснодарский край;Россия;3;Europe/Moscow
157;Копанская;Краснодарский край;Россия;3;Europe/Moscow
161;Краснодар;Краснодарский край;Россия;3;Europe/Moscow
1484;Крыловская;Краснодарский край;Россия;3;Europe/Moscow
1524;Курганинск;Краснодарский край;Россия;3;Europe/Moscow
419;Кущёвская;Краснодарский край;Россия;3;Europe/Moscow
174;Ленинградская;Краснодарский край;Россия;3;Europe/Moscow
220;Новокубанск;Краснодарский край;Россия;3;Europe/Moscow
224;Новороссийск;Краснодарский край;Россия;3;Europe/Moscow
439;Павловская;Краснодарский край;Россия;3;Europe/Moscow
1651;Северский;Краснодарский край;Россия;3;Europe/Moscow
299;Славянск-на-Кубани;Краснодарский край;Россия;3;Europe/Moscow
1509;Советский;Краснодарский край;Россия;3;Europe/Moscow
306;Сочи;Краснодарский край;Россия;3;Europe/Moscow
403;Староминская;Краснодарский край;Россия;3;Europe/Moscow
404;Старощербиновская;Краснодарский край;Россия;3;Europe/Moscow
327;Темрюк;Краснодарский край;Россия;3;Europe/Moscow
338;Туапсе;Краснодарский край;Россия;3;Europe/Moscow
348;Успенское;Краснодарский край;Россия;3;Europe/Moscow
170;Курск;Курская область;Россия;3;Europe/Moscow
68;Всеволожск;Ленинградская область;Россия;3;Europe/Moscow
69;Выборг;Ленинградская область;Россия;3;Europe/Moscow
1566;Каменногорск;Ленинградская область;Россия;3;Europe/Moscow
144;Кировск (Л);Ленинградская область;Россия;3;Europe/Moscow
155;Колпино;Ленинградская область;Россия;3;Europe/Moscow
180;Луга;Ленинградская область;Россия;3;Europe/Moscow
256;Пикалёво;Ленинградская область;Россия;3;Europe/Moscow
1612;Грязи;Липецкая область;Россия;3;Europe/Moscow
176;Липецк;Липецкая область;Россия;3;Europe/Moscow
125;Йошкар-Ола;Марий-Эл;Россия;3;Europe/Moscow
1607;Ардатов;Мордовия;Россия;3;Europe/Moscow
13;Атюрьево;Мордовия;Россия;3;Europe/Moscow
1551;Атяшево;Мордовия;Россия;3;Europe/Moscow
1552;Большие Березники;Мордовия;Россия;3;Europe/Moscow
35;Большое Игнатово;Мордовия;Россия;3;Europe/Moscow
1564;Инсар;Мордовия;Россия;3;Europe/Moscow
152;Ковылкино;Мордовия;Россия;3;Europe/Moscow
163;Краснослободск;Мордовия;Россия;3;Europe/Moscow
1588;Ромоданово;Мордовия;Россия;3;Europe/Moscow
278;Рузаевка;Мордовия;Россия;3;Europe/Moscow
286;Саранск;Мордовия;Россия;3;Europe/Moscow
372;Чамзинка;Мордовия;Россия;3;Europe/Moscow
111;Зеленоград;Москва;Россия;3;Europe/Moscow
201;Москва;Москва;Россия;3;Europe/Moscow
1610;Воскресенск;Московская область;Россия;3;Europe/Moscow
85;Дедовск;Московская область;Россия;3;Europe/Moscow
88;Дмитров;Московская область;Россия;3;Europe/Moscow
92;Долгопрудный;Московская область;Россия;3;Europe/Moscow
1476;Домодедово;Московская область;Россия;3;Europe/Moscow
95;Дубна;Московская область;Россия;3;Europe/Moscow
411;Егорьевск;Московская область;Россия;3;Europe/Moscow
104;Жуковский;Московская область;Россия;3;Europe/Moscow
116;Ивантеевка;Московская область;Россия;3;Europe/Moscow
122;Истра;Московская область;Россия;3;Europe/Moscow
135;Кашира;Московская область;Россия;3;Europe/Moscow
418;Климовск;Московская область;Россия;3;Europe/Moscow
148;Клин;Московская область;Россия;3;Europe/Moscow
154;Коломна;Московская область;Россия;3;Europe/Moscow
158;Королёв;Московская область;Россия;3;Europe/Moscow
422;Луховицы;Московская область;Россия;3;Europe/Moscow
1619;Лыткарино;Московская область;Россия;3;Europe/Moscow
204;Мытищи;Московская область;Россия;3;Europe/Moscow
426;Одинцово;Московская область;Россия;3;Europe/Moscow
1622;Озёры;Московская область;Россия;3;Europe/Moscow
243;Орехово-Зуево;Московская область;Россия;3;Europe/Moscow
246;Павловская Слобода;Московская область;Россия;3;Europe/Moscow
1481;Павловский Посад;Московская область;Россия;3;Europe/Moscow
253;Пески;Московская область;Россия;3;Europe/Moscow
259;Подольск;Московская область;Россия;3;Europe/Moscow
440;Пущино;Московская область;Россия;3;Europe/Moscow
270;Раменское;Московская область;Россия;3;Europe/Moscow
1513;Реутов;Московская область;Россия;3;Europe/Moscow
297;Серпухов;Московская область;Россия;3;Europe/Moscow
304;Солнечногорск;Московская область;Россия;3;Europe/Moscow
309;Ступино;Московская область;Россия;3;Europe/Moscow
313;Сходня;Московская область;Россия;3;Europe/Moscow
337;Троицк;Московская область;Россия;3;Europe/Moscow
430;Фрязино;Московская область;Россия;3;Europe/Moscow
431;Химки;Московская область;Россия;3;Europe/Moscow
1639;Шахматово;Московская область;Россия;3;Europe/Moscow
1632;Электросталь;Московская область;Россия;3;Europe/Moscow
658;Яхрома;Московская область;Россия;3;Europe/Moscow
7;Апатиты;Мурманская область;Россия;3;Europe/Moscow
70;Гаджиево;Мурманская область;Россия;3;Europe/Moscow
1470;Кандалакша;Мурманская область;Россия;3;Europe/Moscow
146;Кировск (М);Мурманская область;Россия;3;Europe/Moscow
202;Мурманск;Мурманская область;Россия;3;Europe/Moscow
240;Оленья Губа;Мурманская область;Россия;3;Europe/Moscow
261;Полярные Зори;Мурманская область;Россия;3;Europe/Moscow
1469;Полярный;Мурманская область;Россия;3;Europe/Moscow
294;Североморск;Мурманская область;Россия;3;Europe/Moscow
1550;Арзамас;Нижегородская область;Россия;3;Europe/Moscow
34;Большая Ельня;Нижегородская область;Россия;3;Europe/Moscow
37;Бор;Нижегородская область;Россия;3;Europe/Moscow
1475;Дзержинск (Н);Нижегородская область;Россия;3;Europe/Moscow
1565;Ичалки;Нижегородская область;Россия;3;Europe/Moscow
1575;Кочкурово;Нижегородская область;Россия;3;Europe/Moscow
1538;Лукоянов;Нижегородская область;Россия;3;Europe/Moscow
216;Нижний Новгород;Нижегородская область;Россия;3;Europe/Moscow
288;Саров;Нижегородская область;Россия;3;Europe/Moscow
55;Великий Новгород;Новгородская область;Россия;3;Europe/Moscow
307;Старая Русса;Новгородская область;Россия;3;Europe/Moscow
242;Орёл;Орловская область;Россия;3;Europe/Moscow
250;Пенза;Пензенская область;Россия;3;Europe/Moscow
54;Великие Луки;Псковская область;Россия;3;Europe/Moscow
117;Идрица;Псковская область;Россия;3;Europe/Moscow
1577;Красногородск;Псковская область;Россия;3;Europe/Moscow
223;Новоржев;Псковская область;Россия;3;Europe/Moscow
265;Псков;Псковская область;Россия;3;Europe/Moscow
2;Азов;Ростовская область;Россия;3;Europe/Moscow
1456;Константиновск;Ростовская область;Россия;3;Europe/Moscow
228;Новочеркасск;Ростовская область;Россия;3;Europe/Moscow
1457;Новошахтинск;Ростовская область;Россия;3;Europe/Moscow
277;Ростов-на-Дону;Ростовская область;Россия;3;Europe/Moscow
316;Таганрог;Ростовская область;Россия;3;Europe/Moscow
281;Рязань;Рязанская область;Россия;3;Europe/Moscow
1505;Сасово;Рязанская область;Россия;3;Europe/Moscow
141;Кинель;Самарская область;Россия;3;Europe/Samara
226;Новоспасский;Самарская область;Россия;3;Europe/Samara
1661;Приволжье;Самарская область;Россия;3;Europe/Samara
282;Самара;Самарская область;Россия;3;Europe/Samara
314;Сызрань;Самарская область;Россия;3;Europe/Samara
332;Тольятти;Самарская область;Россия;3;Europe/Samara
1497;Ломоносов;Санкт-Петербург;Россия;3;Europe/Moscow
451;Петродворец;Санкт-Петербург;Россия;3;Europe/Moscow
1496;Пушкин;Санкт-Петербург;Россия;3;Europe/Moscow
285;Санкт-Петербург;Санкт-Петербург;Россия;3;Europe/Moscow
1500;Балаково;Саратовская область;Россия;3;Europe/Volgograd
287;Саратов;Саратовская область;Россия;3;Europe/Volgograd
61;Владикавказ;Северная Осетия  Алания;Россия;3;Europe/Moscow
300;Смоленск;Смоленская область;Россия;3;Europe/Moscow
219;Новоалександровск;Ставропольский край;Россия;3;Europe/Moscow
266;Пятигорск;Ставропольский край;Россия;3;Europe/Moscow
319;Тамбов;Тамбовская область;Россия;3;Europe/Moscow
1549;Азнакаево;Татарстан;Россия;3;Europe/Moscow
99;Елабуга;Татарстан;Россия;3;Europe/Moscow
127;Казань;Татарстан;Россия;3;Europe/Moscow
206;Набережные Челны;Татарстан;Россия;3;Europe/Moscow
215;Нижнекамск;Татарстан;Россия;3;Europe/Moscow
384;Чистополь;Татарстан;Россия;3;Europe/Moscow
405;Бежецк;Тверская область;Россия;3;Europe/Moscow
140;Кимры;Тверская область;Россия;3;Europe/Moscow
273;Ржев;Тверская область;Россия;3;Europe/Moscow
324;Тверь;Тверская область;Россия;3;Europe/Moscow
334;Торжок;Тверская область;Россия;3;Europe/Moscow
295;Северск;Томская область;Россия;3;Asia/Novosibirsk
333;Томск;Томская область;Россия;3;Asia/Novosibirsk
1467;Алексин;Тульская область;Россия;3;Europe/Moscow
654;Новомосковск;Тульская область;Россия;3;Europe/Moscow
653;Одоев;Тульская область;Россия;3;Europe/Moscow
682;Суворов;Тульская область;Россия;3;Europe/Moscow
754;Тёплое;Тульская область;Россия;3;Europe/Moscow
339;Тула;Тульская область;Россия;3;Europe/Moscow
1308;Узловая;Тульская область;Россия;3;Europe/Moscow
652;Щёкино;Тульская область;Россия;3;Europe/Moscow
172;Кызыл;Тыва (Тува);Россия;3;Asia/Krasnoyarsk
119;Ижевск;Удмуртия;Россия;3;Europe/Samara
20;Базарный Сызган;Ульяновская область;Россия;3;Europe/Moscow
1449;Димитровград;Ульяновская область;Россия;3;Europe/Moscow
1448;Сенгилей;Ульяновская область;Россия;3;Europe/Moscow
346;Ульяновск;Ульяновская область;Россия;3;Europe/Moscow
80;Грозный;Чечня;Россия;3;Europe/Moscow
373;Чебоксары;Чувашия;Россия;3;Europe/Moscow
40;Борок;Ярославская область;Россия;3;Europe/Moscow
251;Переславль-Залесский;Ярославская область;Россия;3;Europe/Moscow
340;Тутаев;Ярославская область;Россия;3;Europe/Moscow
342;Углич;Ярославская область;Россия;3;Europe/Moscow
399;Ярославль;Ярославская область;Россия;3;Europe/Moscow
1452;Бердзор;;~;4;Asia/Yerevan
1454;Степанакерт;;~;4;Asia/Yerevan
1453;Шуши;;~;4;Asia/Yerevan
21;Баку;;Азербайджан;4;Asia/Baku
1554;Барда;;Азербайджан;4;Asia/Baku
1585;Мингечаур;;Азербайджан;4;Asia/Baku
1511;Сумгаит;;Азербайджан;4;Asia/Baku
1532;Арташат;;Армения;4;Asia/Yerevan
48;Ванадзор;;Армения;4;Asia/Yerevan
82;Гюмри;;Армения;4;Asia/Yerevan
100;Ереван;;Армения;4;Asia/Yerevan
230;Ноемберян;;Армения;4;Asia/Yerevan
268;Раздан;;Армения;4;Asia/Yerevan
394;Эчмиадзин;;Армения;4;Asia/Yerevan
14;Ахалгори;;Грузия;4;Asia/Tbilisi
1466;Ахалкалаки;;Грузия;4;Asia/Tbilisi
15;Ахмета;;Грузия;4;Asia/Tbilisi
19;Багдади;;Грузия;4;Asia/Tbilisi
23;Батуми;;Грузия;4;Asia/Tbilisi
38;Боржоми;;Грузия;4;Asia/Tbilisi
75;Гори;;Грузия;4;Asia/Tbilisi
1561;Гурджаани;;Грузия;4;Asia/Tbilisi
1562;Дедоплисцкаро;;Грузия;4;Asia/Tbilisi
113;Зугдиди;;Грузия;4;Asia/Tbilisi
131;Карели;;Грузия;4;Asia/Tbilisi
1567;Каспи;;Грузия;4;Asia/Tbilisi
171;Кутаиси;;Грузия;4;Asia/Tbilisi
1583;Ланчхути;;Грузия;4;Asia/Tbilisi
420;Лентехи;;Грузия;4;Asia/Tbilisi
238;Озургети;;Грузия;4;Asia/Tbilisi
262;Поти;;Грузия;4;Asia/Tbilisi
279;Рустави;;Грузия;4;Asia/Tbilisi
1592;Сигнахи;;Грузия;4;Asia/Tbilisi
312;Сухуми;;Грузия;4;Asia/Tbilisi
323;Тбилиси;;Грузия;4;Asia/Tbilisi
325;Телави;;Грузия;4;Asia/Tbilisi
329;Тианети;;Грузия;4;Asia/Tbilisi
1535;Хашури;;Грузия;4;Asia/Tbilisi
1601;Хелвачаури;;Грузия;4;Asia/Tbilisi
369;Цхалтубо;;Грузия;4;Asia/Tbilisi
370;Цхинвали;;Грузия;4;Asia/Tbilisi
387;Чхороцку;;Грузия;4;Asia/Tbilisi
1510;Актау;Мангистауская область;Казахстан;5;Asia/Aqtau
1555;Белорецк;Башкортостан;Россия;5;Asia/Yekaterinburg
428;Стерлитамак;Башкортостан;Россия;5;Asia/Yekaterinburg
345;Улукулево;Башкортостан;Россия;5;Asia/Yekaterinburg
354;Уфа;Башкортостан;Россия;5;Asia/Yekaterinburg
388;Шафраново;Башкортостан;Россия;5;Asia/Yekaterinburg
169;Курган;Курганская область;Россия;5;Asia/Yekaterinburg
1504;Оренбург;Оренбургская область;Россия;5;Asia/Yekaterinburg
244;Орск;Оренбургская область;Россия;5;Asia/Yekaterinburg
30;Березники;Пермский край;Россия;5;Asia/Yekaterinburg
1556;Большая Сосновка;Пермский край;Россия;5;Asia/Yekaterinburg
1557;Большая Уса;Пермский край;Россия;5;Asia/Yekaterinburg
81;Губаха;Пермский край;Россия;5;Asia/Yekaterinburg
91;Добрянка;Пермский край;Россия;5;Asia/Yekaterinburg
109;Звёздный;Пермский край;Россия;5;Asia/Yekaterinburg
1617;Карагай;Пермский край;Россия;5;Asia/Yekaterinburg
1464;Кизел;Пермский край;Россия;5;Asia/Yekaterinburg
162;Краснокамск;Пермский край;Россия;5;Asia/Yekaterinburg
1460;Кудымкар;Пермский край;Россия;5;Asia/Yekaterinburg
1581;Куеда;Пермский край;Россия;5;Asia/Yekaterinburg
1582;Кунгур;Пермский край;Россия;5;Asia/Yekaterinburg
1621;Нытва;Пермский край;Россия;5;Asia/Yekaterinburg
239;Октябрьский;Пермский край;Россия;5;Asia/Yekaterinburg
1502;Очёр;Пермский край;Россия;5;Asia/Yekaterinburg
1624;Ошья;Пермский край;Россия;5;Asia/Yekaterinburg
1506;Павловский;Пермский край;Россия;5;Asia/Yekaterinburg
252;Пермь;Пермский край;Россия;5;Asia/Yekaterinburg
1591;Сива;Пермский край;Россия;5;Asia/Yekaterinburg
1594;Соликамск;Пермский край;Россия;5;Asia/Yekaterinburg
371;Чайковский;Пермский край;Россия;5;Asia/Yekaterinburg
381;Чернушка;Пермский край;Россия;5;Asia/Yekaterinburg
1503;Чусовой;Пермский край;Россия;5;Asia/Yekaterinburg
98;Екатеринбург;Свердловская область;Россия;5;Asia/Yekaterinburg
120;Ирбит;Свердловская область;Россия;5;Asia/Yekaterinburg
1568;Качканар;Свердловская область;Россия;5;Asia/Yekaterinburg
217;Нижний Тагил;Свердловская область;Россия;5;Asia/Yekaterinburg
424;Новоуральск;Свердловская область;Россия;5;Asia/Yekaterinburg
425;Первоуральск;Свердловская область;Россия;5;Asia/Yekaterinburg
105;Заводоуковск;Тюменская область;Россия;5;Asia/Yekaterinburg
124;Ишим;Тюменская область;Россия;5;Asia/Yekaterinburg
1618;Когалым;Тюменская область;Россия;5;Asia/Yekaterinburg
1620;Надым;Тюменская область;Россия;5;Asia/Yekaterinburg
214;Нижневартовск;Тюменская область;Россия;5;Asia/Yekaterinburg
229;Новый Уренгой;Тюменская область;Россия;5;Asia/Yekaterinburg
232;Ноябрьск;Тюменская область;Россия;5;Asia/Yekaterinburg
1626;Пыть-Ях;Тюменская область;Россия;5;Asia/Yekaterinburg
1627;Радужный;Тюменская область;Россия;5;Asia/Yekaterinburg
311;Сургут;Тюменская область;Россия;5;Asia/Yekaterinburg
429;Тарко-Сале;Тюменская область;Россия;5;Asia/Yekaterinburg
331;Тобольск;Тюменская область;Россия;5;Asia/Yekaterinburg
341;Тюмень;Тюменская область;Россия;5;Asia/Yekaterinburg
361;Ханты-Мансийск;Тюменская область;Россия;5;Asia/Yekaterinburg
398;Ялуторовск;Тюменская область;Россия;5;Asia/Yekaterinburg
1573;Копейск;Челябинская область;Россия;5;Asia/Yekaterinburg
187;Магнитогорск;Челябинская область;Россия;5;Asia/Yekaterinburg
195;Миасс;Челябинская область;Россия;5;Asia/Yekaterinburg
237;Озёрск;Челябинская область;Россия;5;Asia/Yekaterinburg
289;Сатка;Челябинская область;Россия;5;Asia/Yekaterinburg
301;Снежинск;Челябинская область;Россия;5;Asia/Yekaterinburg
374;Челябинск;Челябинская область;Россия;5;Asia/Yekaterinburg
17;Ашхабад;;Туркмения;5;Asia/Ashgabat
84;Дашогуз;;Туркмения;5;Asia/Ashgabat
1462;Туркменабад;;Туркмения;5;Asia/Ashgabat
107;Зарафшан;;Узбекистан;5;Asia/Tashkent
1635;Зафарабад;;Узбекистан;5;Asia/Tashkent
207;Навои;;Узбекистан;5;Asia/Tashkent
283;Самарканд;;Узбекистан;5;Asia/Tashkent
322;Ташкент;;Узбекистан;5;Asia/Tashkent
1634;Учкудук;;Узбекистан;5;Asia/Tashkent
1468;Алматы;;Казахстан;6;Asia/Almaty
1512;Астана;;Казахстан;6;Asia/Almaty
130;Караганда;Карагандинская область;Казахстан;6;Asia/Almaty
153;Кокшетау;Акмолинская область;Казахстан;6;Asia/Almaty
1580;Ленинск;;Казахстан;6;Asia/Almaty
1485;Темиртау;Карагандинская область;Казахстан;6;Asia/Almaty
350;Усть-Каменогорск;Восточно-Казахстанская область;Казахстан;6;Asia/Almaty
77;Горно-Алтайск;Алтай;Россия;6;Asia/Omsk
22;Барнаул;Алтайский край;Россия;6;Asia/Omsk
137;Кемерово;Кемеровская область;Россия;6;Asia/Novokuznetsk
221;Новокузнецк;Кемеровская область;Россия;6;Asia/Novokuznetsk
1396;Прокопьевск;Кемеровская область;Россия;6;Asia/Novokuznetsk
28;Бердск;Новосибирская область;Россия;6;Asia/Novosibirsk
168;Куйбышев;Новосибирская область;Россия;6;Asia/Novosibirsk
225;Новосибирск;Новосибирская область;Россия;6;Asia/Novosibirsk
241;Омск;Омская область;Россия;6;Asia/Omsk
1474;Абан;Красноярский край;Россия;7;Asia/Krasnoyarsk
39;Бородино;Красноярский край;Россия;7;Asia/Krasnoyarsk
1313;Емельяново;Красноярский край;Россия;7;Asia/Krasnoyarsk
412;Енисейск;Красноярский край;Россия;7;Asia/Krasnoyarsk
1659;Есаулово;Красноярский край;Россия;7;Asia/Krasnoyarsk
414;Железногорск;Красноярский край;Россия;7;Asia/Krasnoyarsk
415;Заозёрный;Красноярский край;Россия;7;Asia/Krasnoyarsk
108;Зареченка;Красноярский край;Россия;7;Asia/Krasnoyarsk
110;Зеленогорск;Красноярский край;Россия;7;Asia/Krasnoyarsk
413;Канск;Красноярский край;Россия;7;Asia/Krasnoyarsk
1477;Кодинск;Красноярский край;Россия;7;Asia/Krasnoyarsk
1478;Краснотуранск;Красноярский край;Россия;7;Asia/Krasnoyarsk
164;Красноярск;Красноярский край;Россия;7;Asia/Krasnoyarsk
1658;Лесосибирск;Красноярский край;Россия;7;Asia/Krasnoyarsk
1479;Минусинск;Красноярский край;Россия;7;Asia/Krasnoyarsk
1480;Никольское;Красноярский край;Россия;7;Asia/Krasnoyarsk
231;Норильск;Красноярский край;Россия;7;Asia/Krasnoyarsk
1395;Тюльково;Красноярский край;Россия;7;Asia/Krasnoyarsk
356;Филимоново;Красноярский край;Россия;7;Asia/Krasnoyarsk
382;Чечеул;Красноярский край;Россия;7;Asia/Krasnoyarsk
390;Шушенское;Красноярский край;Россия;7;Asia/Krasnoyarsk
1;Абакан;Хакасия;Россия;7;Asia/Krasnoyarsk
344;Улан-Удэ;Бурятия;Россия;8;Asia/Irkutsk
6;Ангарск;Иркутская область;Россия;8;Asia/Irkutsk
43;Братск;Иркутская область;Россия;8;Asia/Irkutsk
457;Железногорск-Илимский;Иркутская область;Россия;8;Asia/Irkutsk
101;Железнодорожный;Иркутская область;Россия;8;Asia/Irkutsk
121;Иркутск;Иркутская область;Россия;8;Asia/Irkutsk
317;Тайшет;Иркутская область;Россия;8;Asia/Irkutsk
347;Усолье-Сибирское;Иркутская область;Россия;8;Asia/Irkutsk
349;Усть-Илимск;Иркутская область;Россия;8;Asia/Irkutsk
351;Усть-Кут;Иркутская область;Россия;8;Asia/Irkutsk
352;Усть-Ордынский;Иркутская область;Россия;8;Asia/Irkutsk
448;Черемхово;Иркутская область;Россия;8;Asia/Irkutsk
660;Шелехов;Иркутская область;Россия;8;Asia/Irkutsk
33;Благовещенск;Амурская область;Россия;9;Asia/Yakutsk
1590;Свободный;Амурская область;Россия;9;Asia/Yakutsk
385;Чита;Забайкальский край;Россия;9;Asia/Yakutsk
397;Якутск;Саха (Якутия);Россия;9;Asia/Yakutsk
193;Мельбурн;;Австралия;10;Australia/Melbourne
32;Биробиджан;Еврейская АО;Россия;10;Asia/Vladivostok
60;Владивосток;Приморский край;Россия;10;Asia/Vladivostok
211;Находка;Приморский край;Россия;10;Asia/Vladivostok
396;Южно-Сахалинск;Сахалинская область;Россия;10;Asia/Sakhalin
358;Хабаровск;Хабаровский край;Россия;10;Asia/Vladivostok
255;Петропавловск-Камчатский;Камчатский край;Россия;11;Asia/Kamchatka
185;Магадан;Магаданская область;Россия;11;Asia/Magadan
4;Анадырь;Чукотский АО;Россия;11;Asia/Anadyr
441;unknown;;;;
449;сборная;;;;